NOM_SCI,FAM,SYN_FAM
Agelenopsis potteri,Agelenidae,
Agelenopsis utahana,Agelenidae,
Coras aerialis,Agelenidae,
Coras juvenilis,Agelenidae,
Coras medicinalis,Agelenidae,
Coras lamellosus,Agelenidae,
Coras montanus,Agelenidae,
Eratigena atrica,Agelenidae,
Tegenaria domestica,Agelenidae,Trichopus - Philoica - Drassina - Mevianops - Philoicides - Iamatega - Sabitega
Wadotes calcaratus,Agelenidae,
Wadotes hybridus,Agelenidae,
Amaurobius borealis,Amaurobiidae,Walmus
Amaurobius ferox,Amaurobiidae,Walmus
Amaurobius similis,Amaurobiidae,Walmus
Callobius bennetti,Amaurobiidae,
Callobius nomeus,Amaurobiidae,
Cybaeopsis euopla ,Amaurobiidae,Callioplus
Cybaeopsis tibialis  ,Amaurobiidae,Callioplus
Anyphaena celer  ,Anyphaenidae,
Wulfila saltabundus  ,Anyphaenidae,Anyphaenella - Cranus
Acanthepeira stellata  ,Araneidae,
Aculepeira carbonaroides  ,Araneidae,
Araneus alboventris ,Araneidae,Aranea - Atea - Neosconella - Amamrotypus - Cambridgepeira - Conaranea - Conepeira - Cathaistela
Araneus bicentenarius ,Araneidae,Aranea - Atea - Neosconella - Amamrotypus - Cambridgepeira - Conaranea - Conepeira - Cathaistela
Araneus cavaticus ,Araneidae,Aranea - Atea - Neosconella - Amamrotypus - Cambridgepeira - Conaranea - Conepeira - Cathaistela
Araneus corticarius ,Araneidae,Aranea - Atea - Neosconella - Amamrotypus - Cambridgepeira - Conaranea - Conepeira - Cathaistela
Araneus diadematus,Araneidae,Aranea - Atea - Neosconella - Amamrotypus - Cambridgepeira - Conaranea - Conepeira - Cathaistela
Araneus groenlandicola,Araneidae,Aranea - Atea - Neosconella - Amamrotypus - Cambridgepeira - Conaranea - Conepeira - Cathaistela
Araneus guttulatus,Araneidae,Aranea - Atea - Neosconella - Amamrotypus - Cambridgepeira - Conaranea - Conepeira - Cathaistela
Araneus juniperi ,Araneidae,Aranea - Atea - Neosconella - Amamrotypus - Cambridgepeira - Conaranea - Conepeira - Cathaistela
Araneus marmoreus ,Araneidae,Aranea - Atea - Neosconella - Amamrotypus - Cambridgepeira - Conaranea - Conepeira - Cathaistela
Araneus nordmanni,Araneidae,Aranea - Atea - Neosconella - Amamrotypus - Cambridgepeira - Conaranea - Conepeira - Cathaistela
Araneus saevus,Araneidae,Aranea - Atea - Neosconella - Amamrotypus - Cambridgepeira - Conaranea - Conepeira - Cathaistela
Araneus thaddeus,Araneidae,Aranea - Atea - Neosconella - Amamrotypus - Cambridgepeira - Conaranea - Conepeira - Cathaistela
Araneus trifolium,Araneidae,Aranea - Atea - Neosconella - Amamrotypus - Cambridgepeira - Conaranea - Conepeira - Cathaistela
Araneus washingtoni  ,Araneidae,Aranea - Atea - Neosconella - Amamrotypus - Cambridgepeira - Conaranea - Conepeira - Cathaistela
Araniella displicita ,Araneidae,
Araniella proxima  ,Araneidae,
Argiope aurantia,Araneidae,Austrargiope - Chaetargiope - Coganargiope - Heterargiope - Brachygea
Argiope trifasciata  ,Araneidae,Austrargiope - Chaetargiope - Coganargiope - Heterargiope - Brachygea
Cercidia prominens,Araneidae,
Cyclosa conica,Araneidae,Parazygia
Eustala anastera ,Araneidae,
Eustala cepina  ,Araneidae,
Hypsosinga groenlandica ,Araneidae,
Hypsosinga pygmaea ,Araneidae,
Hypsosinga rubens  ,Araneidae,
Larinioides cornutus,Araneidae,
Larinioides patagiatus,Araneidae,
Larinioides sclopetarius  ,Araneidae,
Mangora gibberosa ,Araneidae,Abbotia - Abbotiana
Mangora placida  ,Araneidae,Abbotia - Abbotiana
Mastophora hutchinsoni,Araneidae,
Metepeira plustris,Araneidae,
Neoscona arabesca,Araneidae,Chinestela - Cubanella - Afraranea
Singa keyserlingi,Araneidae,
Zygiella atrica,Araneidae,Zygia - Parazygiella
Zygiella nearctica,Araneidae,Zygia - Parazygiella
Cheirachantium mildei,Cheiracanthiidae,
Clubonia abbotii,Clubionidae,
Clubonia bishopi,Clubionidae,
Clubonia bryantae,Clubionidae,
Clubonia canadensis,Clubionidae,
Clubonia chippewa,Clubionidae,
Clubonia furcata,Clubionidae,
Clubonia johnsoni,Clubionidae,
Clubonia kastoni,Clubionidae,
Clubonia kulczynskii ,Clubionidae,
Clubonia maritima ,Clubionidae,
Clubonia moesta,Clubionidae,
Clubonia norvegica,Clubionidae,
Clubonia obesa,Clubionidae,
Clubonia opeongo,Clubionidae,
Clubonia pallidula,Clubionidae,
Clubonia pikei,Clubionidae,
Clubonia praematura,Clubionidae,
Clubonia pygmaea,Clubionidae,
Clubonia quebecana,Clubionidae,
Clubonia riparia,Clubionidae,
Clubonia spiralis,Clubionidae,
Clubonia trivialis,Clubionidae,
Elaver excepta,Clubionidae,Heterochemmis - Clubionoides
Castianeira cingulata ,Corinnidae,
Castianeira descripta ,Corinnidae,
Castianeira longipalpa  ,Corinnidae,
Cybaeota calcarata,Cybaeidae,
Argenna obesa,Dictynidae,
Dictyna alaskae ,Dictynidae,
Dictyna bostoniensis,Dictynidae,
Dictyna brevitarsa,Dictynidae,
Dictyna coloradensis,Dictynidae,
Dictyna foliacea,Dictynidae,
Dictyna major,Dictynidae,
Dictyna minuta ,Dictynidae,
Dictyna quadrispinosa ,Dictynidae,
Dictyna volucripes,Dictynidae,
Emblyna annulipes,Dictynidae,
Emblyna chitina,Dictynidae,
Emblyna decaprini,Dictynidae,
Emblyna hentzi ,Dictynidae,
Emblyna manitoba ,Dictynidae,
Emblyna maxima ,Dictynidae,
Emblyna phylax ,Dictynidae,
Emblyna sublata  ,Dictynidae,
Lathys foxii ,Dictynidae,Lethia - Auximus - Analtella
Lathys pallida  ,Dictynidae,Lethia - Auximus - Analtella
Dysdera crocata ,Dysderidae,
Callilepis pluto,Gnaphosidae,
Cesonia bilineata,Gnaphosidae,Eilicina
Drassodes mirus ,Gnaphosidae,Geodrassus - Mesklia - Sillemia - Kirmaka - Siruasus
Drassodes neglectus  ,Gnaphosidae,Geodrassus - Mesklia - Sillemia - Kirmaka - Siruasus
Drassyllus depressus ,Gnaphosidae,
Drassyllus eremitus ,Gnaphosidae,
Drassyllus fallens ,Gnaphosidae,
Drassyllus niger ,Gnaphosidae,
Drassyllus socius ,Gnaphosidae,
Gnaphosa borea,Gnaphosidae,Cylphosa - Pterochroa
Gnaphosa brumalis,Gnaphosidae,Cylphosa - Pterochroa
Gnaphosa microps,Gnaphosidae,Cylphosa - Pterochroa
Gnaphosa muscorum,Gnaphosidae,Cylphosa - Pterochroa
Gnaphosa orites,Gnaphosidae,Cylphosa - Pterochroa
Gnaphosa parvula,Gnaphosidae,Cylphosa - Pterochroa
Haplodrassus bicornis,Gnaphosidae,Tuvadrassus
Haplodrassus hiemalis,Gnaphosidae,Tuvadrassus
Haplodrassus eunis,Gnaphosidae,Tuvadrassus
Haplodrassus signifer  ,Gnaphosidae,Tuvadrassus
Herpyllus ecclesisticus,Gnaphosidae,Bonna
Micaria aenea,Gnaphosidae,Macaria - Chrysothrix - Micariolepsis - Bona - Epikurtomma - Castanilla - Arboricaria
Micaria longipes,Gnaphosidae,Macaria - Chrysothrix - Micariolepsis - Bona - Epikurtomma - Castanilla - Arboricaria
Micaria longispina,Gnaphosidae,Macaria - Chrysothrix - Micariolepsis - Bona - Epikurtomma - Castanilla - Arboricaria
Micaria pulicaria,Gnaphosidae,Macaria - Chrysothrix - Micariolepsis - Bona - Epikurtomma - Castanilla - Arboricaria
Micaria riggsi,Gnaphosidae,Macaria - Chrysothrix - Micariolepsis - Bona - Epikurtomma - Castanilla - Arboricaria
Micaria tripunctata ,Gnaphosidae,Macaria - Chrysothrix - Micariolepsis - Bona - Epikurtomma - Castanilla - Arboricaria
Orodrassus canadensis,Gnaphosidae,
Sergiolus capulatus,Gnaphosidae,
Sergiolus decoratus,Gnaphosidae,
Sergiolus montanus ,Gnaphosidae,
Sergiolus ocellatus  ,Gnaphosidae,
Sosticus insularis,Gnaphosidae,Sostogeus
Sosticus loricatus,Gnaphosidae,Sostogeus
Zelotes exiguoides ,Gnaphosidae,Melanophora - Aracus - Scotophinus - Zavattarica
Zelotes fratis ,Gnaphosidae,Melanophora - Aracus - Scotophinus - Zavattarica
Zelotes hentzi ,Gnaphosidae,Melanophora - Aracus - Scotophinus - Zavattarica
Zelotes puritanus ,Gnaphosidae,Melanophora - Aracus - Scotophinus - Zavattarica
Zelotes sula ,Gnaphosidae,Melanophora - Aracus - Scotophinus - Zavattarica
Antistea brunnea,Hahniidae,
Cicurina arcuata ,Hahniidae,Tetrilus - Moguracicurina
Cicurina brevis,Hahniidae,Tetrilus - Moguracicurina
Cicurina itasca,Hahniidae,Tetrilus - Moguracicurina
Cicurina pallida,Hahniidae,Tetrilus - Moguracicurina
Cicurina robusta,Hahniidae,Tetrilus - Moguracicurina
Cryphoeca montana,Hahniidae,
Hahnia cinerea ,Hahniidae,Scotussa - Muizenbergia - Hahnistea - Hahniops - Simonida - Unzickeria - Spinihahnia
Hahnia glacialis ,Hahniidae,Scotussa - Muizenbergia - Hahnistea - Hahniops - Simonida - Unzickeria - Spinihahnia
Neoantistea agilis ,Hahniidae,
Neoantistea magna  ,Hahniidae,
Acanthoneta aggressa ,Linyphiidae,
Acanthoneta furcata  ,Linyphiidae,
Agyneta allosubtilis ,Linyphiidae,Eupolis - Anomalaria - Meioneta - Aprolagus - Syedrula - Gnathantes
Agyneta amersaxatilis ,Linyphiidae,Eupolis - Anomalaria - Meioneta - Aprolagus - Syedrula - Gnathantes
Agyneta dynica ,Linyphiidae,Eupolis - Anomalaria - Meioneta - Aprolagus - Syedrula - Gnathantes
Agyneta fabra ,Linyphiidae,Eupolis - Anomalaria - Meioneta - Aprolagus - Syedrula - Gnathantes
Agyneta jacksoni ,Linyphiidae,Eupolis - Anomalaria - Meioneta - Aprolagus - Syedrula - Gnathantes
Agyneta nigripes ,Linyphiidae,Eupolis - Anomalaria - Meioneta - Aprolagus - Syedrula - Gnathantes
Agyneta olivacea ,Linyphiidae,Eupolis - Anomalaria - Meioneta - Aprolagus - Syedrula - Gnathantes
Agyneta sheffordiana ,Linyphiidae,Eupolis - Anomalaria - Meioneta - Aprolagus - Syedrula - Gnathantes
Agyneta simplex ,Linyphiidae,Eupolis - Anomalaria - Meioneta - Aprolagus - Syedrula - Gnathantes
Agyneta unimaculata  ,Linyphiidae,Eupolis - Anomalaria - Meioneta - Aprolagus - Syedrula - Gnathantes
Allomengea dentisetis ,Linyphiidae,Pedina - Mengea - Pedinella
Allomengea vidua  ,Linyphiidae,Pedina - Mengea - Pedinella
Aphileta microtarsa ,Linyphiidae,Minyrioloides - Porrhothrix - Acanthophyma
Aphileta misera  ,Linyphiidae,Minyrioloides - Porrhothrix - Acanthophyma
Baryphyma gowerense ,Linyphiidae,
Baryphyma trifrons  ,Linyphiidae,
Bathyphantes alboventris ,Linyphiidae,Bathyphantoides - Oreodia
Bathyphantes brevipes ,Linyphiidae,Bathyphantoides - Oreodia
Bathyphantes brevis ,Linyphiidae,Bathyphantoides - Oreodia
Bathyphantes canadensis ,Linyphiidae,Bathyphantoides - Oreodia
Bathyphantes eumenis ,Linyphiidae,Bathyphantoides - Oreodia
Bathyphantes gracilis ,Linyphiidae,Bathyphantoides - Oreodia
Bathyphantes pallidus ,Linyphiidae,Bathyphantoides - Oreodia
Bathyphantes reprobus ,Linyphiidae,Bathyphantoides - Oreodia
Bathyphantes weyeri  ,Linyphiidae,Bathyphantoides - Oreodia
Carorita limnaea,Linyphiidae,
Centromerus cornupalpis ,Linyphiidae,Cryptocleptes - Tapinasta - Rhabdoria - Parasintula - Adoxoneta - Atopogyna
Centromerus denticulatus,Linyphiidae,Cryptocleptes - Tapinasta - Rhabdoria - Parasintula - Adoxoneta - Atopogyna
Centromerus furcatus,Linyphiidae,Cryptocleptes - Tapinasta - Rhabdoria - Parasintula - Adoxoneta - Atopogyna
Centromerus longibulbus,Linyphiidae,Cryptocleptes - Tapinasta - Rhabdoria - Parasintula - Adoxoneta - Atopogyna
Centromerus persolutus ,Linyphiidae,Cryptocleptes - Tapinasta - Rhabdoria - Parasintula - Adoxoneta - Atopogyna
Centromerus sylvaticus  ,Linyphiidae,Cryptocleptes - Tapinasta - Rhabdoria - Parasintula - Adoxoneta - Atopogyna
Ceraticelus atriceps ,Linyphiidae,
Ceraticelus bulbosus ,Linyphiidae,
Ceraticelus crassiceps ,Linyphiidae,
Ceraticelus emertoni ,Linyphiidae,
Ceraticelus fissiceps ,Linyphiidae,
Ceraticelus laetabilis ,Linyphiidae,
Ceraticelus laetus ,Linyphiidae,
Ceraticelus minutus ,Linyphiidae,
Ceraticelus silus ,Linyphiidae,
Ceraticelus similis  ,Linyphiidae,
Ceratinella alaskae ,Linyphiidae,Ceratina - Ceratinodes
Ceratinella brunnea ,Linyphiidae,Ceratina - Ceratinodes
Ceratinella buna ,Linyphiidae,Ceratina - Ceratinodes
Ceratinella ornatula ,Linyphiidae,Ceratina - Ceratinodes
Ceratinella parvula  ,Linyphiidae,Ceratina - Ceratinodes
Ceratinops annulipes ,Linyphiidae,
Ceratinops crenatus ,Linyphiidae,
Ceratinops latus ,Linyphiidae,
Ceratinops sylvaticus  ,Linyphiidae,
Ceratinopsis auriculata ,Linyphiidae,
Ceratinopsis interpres ,Linyphiidae,
Ceratinopsis labradorensis ,Linyphiidae,
Ceratinopsis nigriceps ,Linyphiidae,
Ceratinopsis nigripalpis ,Linyphiidae,
Cheniseo sphagniculator ,Linyphiidae,
Cnephalocotes obscurus,Linyphiidae,
Collinsia holmgreni ,Linyphiidae,Coryphaeus - Coryphaeolana - Catabrithorax - Anitsia - Parerigone - Microerigone - Crosbyana - Milleriana
Collinsia oxypaederotipus ,Linyphiidae,Coryphaeus - Coryphaeolana - Catabrithorax - Anitsia - Parerigone - Microerigone - Crosbyana - Milleriana
Collinsia pertinens ,Linyphiidae,Coryphaeus - Coryphaeolana - Catabrithorax - Anitsia - Parerigone - Microerigone - Crosbyana - Milleriana
Collinsia plumosa  ,Linyphiidae,Coryphaeus - Coryphaeolana - Catabrithorax - Anitsia - Parerigone - Microerigone - Crosbyana - Milleriana
Coloncus siou,Linyphiidae,
Dicymbium elongatum,Linyphiidae,
Diplocentria bidentata,Linyphiidae,Microcentria - Smodigoides - Scotoussa
Diplocentria perplexa ,Linyphiidae,Microcentria - Smodigoides - Scotoussa
Diplocentria rectangulata ,Linyphiidae,Microcentria - Smodigoides - Scotoussa
Diplocentria retinax  ,Linyphiidae,Microcentria - Smodigoides - Scotoussa
Diplocephalus cristatus ,Linyphiidae,Plaesiocraerus - Streptosphaenus - Chocorua
Diplocephalus subrostratus  ,Linyphiidae,Plaesiocraerus - Streptosphaenus - Chocorua
Diplostyla concolor,Linyphiidae,Linyphia concolor - Theridion flipes - Stylophora albomaculata - Micryphantes grandimanus - Bathyphantes conicus
Disembolus sacerdotalis,Linyphiidae,
Dismodicus alticeps,Linyphiidae,
Dismodicus decemoculatus  ,Linyphiidae,
Drapetisca alteranda,Linyphiidae,
Entelecara sombra,Linyphiidae,Stajus - Hypselomma
Eridantes erigonoides,Linyphiidae,
Eridantes utibilis,Linyphiidae,
Erigone aletris,Linyphiidae,
Erigone alsaida,Linyphiidae,
Erigone arctica,Linyphiidae,
Erigone arctophylacis,Linyphiidae,
Erigone atra,Linyphiidae,
Erigone autumnalis,Linyphiidae,
Erigone blaesa,Linyphiidae,
Erigone cristatopalpus,Linyphiidae,
Erigone dentigera,Linyphiidae,
Erigone dentipalpis,Linyphiidae,
Erigone psychrophila,Linyphiidae,
Erigone tirolensis,Linyphiidae,
Erigone whymperi,Linyphiidae,
Estrandia grandaeva,Linyphiidae,Linyphia humilis - Linyphia grandaeva - Linyphia nearctica - Linyphia tridens
Floricomus nasutus,Linyphiidae,
Floricomus plumalis,Linyphiidae,
Floricomus praedesignatus,Linyphiidae,
Floricomus rostratus  ,Linyphiidae,
Frontinella pyramitela,Linyphiidae,
Glyphesis idahoanus ,Linyphiidae,
Glyphesis scopulifer  ,Linyphiidae,
Gnathonaroides pedalis,Linyphiidae,Araeoncus pedalis
Gonatium crassipalpum,Linyphiidae,
Goneatara nasutus,Linyphiidae,
Grammonota angusta ,Linyphiidae,Itys - Itytis
Grammonota capitata ,Linyphiidae,Itys - Itytis
Grammonota gentilis,Linyphiidae,Itys - Itytis
Grammonota gigas,Linyphiidae,Itys - Itytis
Grammonota inornata,Linyphiidae,Itys - Itytis
Grammonota maritima,Linyphiidae,Itys - Itytis
Grammonota pallipes,Linyphiidae,Itys - Itytis
Grammonota vittata,Linyphiidae,Itys - Itytis
Helophora insignis,Linyphiidae,
Hilaira canaliculata,Linyphiidae,Utopiellum - Arctilaira - Soudinus
Hilaira herniosa,Linyphiidae,Utopiellum - Arctilaira - Soudinus
Hilaira incondita,Linyphiidae,Utopiellum - Arctilaira - Soudinus
Horcotes quadricristatus,Linyphiidae,
Hybauchenidium cymbadentatum ,Linyphiidae,
Hybauchenidium gibbosum  ,Linyphiidae,
Hypomma marxii,Linyphiidae,Enidia
Hypselistes florens,Linyphiidae,
Idionella rugosa,Linyphiidae,
Improphantes complicatus,Linyphiidae,
Incestophantes duplicatus,Linyphiidae,
Incestophantes washingtoni  ,Linyphiidae,
Islandiana flaveola ,Linyphiidae,Aduvia
Islandiana holmi ,Linyphiidae,Aduvia
Islandiana longisetosa ,Linyphiidae,Aduvia
Islandiana princeps ,Linyphiidae,Aduvia
Kaestneria pullata,Linyphiidae,
Kaestneria rufula,Linyphiidae,
Lepthyphantes alpinus ,Linyphiidae,
Lepthyphantes intricatus ,Linyphiidae,
Lepthyphantes leprosus ,Linyphiidae,
Lepthyphantes turbatrix  ,Linyphiidae,
Lophomma vaccinii,Linyphiidae,
Macrargus multesimus,Linyphiidae,Auletta - Aulettobia
Maro amplus,Linyphiidae,Micronetata
Maro nearcticus,Linyphiidae,Micronetata
Maso sundevalli,Linyphiidae,
Megalepthyphantes nebulosus,Linyphiidae,
Mermessus augustalis ,Linyphiidae,Eperigone - Anerigone - Parerigone - Sinoria - Aitutakia
Mermessus entomologicus ,Linyphiidae,Eperigone - Anerigone - Parerigone - Sinoria - Aitutakia
Mermessus index ,Linyphiidae,Eperigone - Anerigone - Parerigone - Sinoria - Aitutakia
Mermessus maculatus ,Linyphiidae,Eperigone - Anerigone - Parerigone - Sinoria - Aitutakia
Mermessus tridentatus ,Linyphiidae,Eperigone - Anerigone - Parerigone - Sinoria - Aitutakia
Mermessus trilobatus ,Linyphiidae,Eperigone - Anerigone - Parerigone - Sinoria - Aitutakia
Mermessus undulatus,Linyphiidae,Eperigone - Anerigone - Parerigone - Sinoria - Aitutakia
Metopobactrus prominulus,Linyphiidae,
Micrargus longitarsus,Linyphiidae,Blaniargus - Plexisma - Nothocyba
Microlinyphia mandibulata,Linyphiidae,Pusillia - Bonnetiella
Microlinyphia pusilla,Linyphiidae,Pusillia - Bonnetiella
Microneta viaria,Linyphiidae,
Neriene clathrata ,Linyphiidae,Linyphiella - Prolinyphia - Neolinyphia - Ambengana
Neriene montana ,Linyphiidae,Linyphiella - Prolinyphia - Neolinyphia - Ambengana
Neriene radiata ,Linyphiidae,Linyphiella - Prolinyphia - Neolinyphia - Ambengana
Neriene variabilis  ,Linyphiidae,Linyphiella - Prolinyphia - Neolinyphia - Ambengana
Oedothorax alascensis ,Linyphiidae,Stylothorax - Kulczynskiellum
Oedothorax montifer ,Linyphiidae,Stylothorax - Kulczynskiellum
Oedothorax trilobatus  ,Linyphiidae,Stylothorax - Kulczynskiellum
Oreoneta brunnea ,Linyphiidae,
Oreoneta garrina ,Linyphiidae,
Oreoneta leviceps ,Linyphiidae,
Oreoneta sepe ,Linyphiidae,
Oreoneta wyomingia  ,Linyphiidae,
Oreonetides flavescens ,Linyphiidae,Aigola - Labuella - Montitextrix - Paramaro
Oreonetides rectangulatus ,Linyphiidae,Aigola - Labuella - Montitextrix - Paramaro
Oreonetides rotundus ,Linyphiidae,Aigola - Labuella - Montitextrix - Paramaro
Oreonetides vaginatus  ,Linyphiidae,Aigola - Labuella - Montitextrix - Paramaro
Oreophantes recurvatus,Linyphiidae,Bathyphantes recurvatus - Troglohyphantes kokoko
Oryphantes aliquantulus,Linyphiidae,
Ostearius melanopygius,Linyphiidae,Haemathyphantes
Pelecopsis mengei,Linyphiidae,Lophocarenum - Exehcophysis
Pelecopsis moesta,Linyphiidae,Lophocarenum - Exehcophysis
Perregrinus deformis,Linyphiidae,
Phlattothrata flagellata,Linyphiidae,
Pityohyphantes costatus ,Linyphiidae,
Pityohyphantes limitaneus ,Linyphiidae,
Pityohyphantes subarticus ,Linyphiidae,
Pocadicnemis americana,Linyphiidae,
Pocadicnemis pumila  ,Linyphiidae,
Poeciloneta bihamata,Linyphiidae,
Poeciloneta calcaratus,Linyphiidae,
Poeciloneta theridiformis,Linyphiidae,
Porrhomma terrestre,Linyphiidae,Opistoxys
Praestigia groenlandica ,Linyphiidae,
Praestigia kulczynskii  ,Linyphiidae,
Satilatlas marxii,Linyphiidae,Perimones
Sciastes dubius ,Linyphiidae,
Sciastes extremus ,Linyphiidae,
Sciastes mentasta ,Linyphiidae,
Sciastes trunctatus  ,Linyphiidae,
Scirites pectinatus,Linyphiidae,
Scironis tarsalis,Linyphiidae,
Scotinotylus alpinus ,Linyphiidae,Caledonia - Cochlembolus - Cervinargus - Yukon - Cheraira
Scotinotylus pallidus ,Linyphiidae,Caledonia - Cochlembolus - Cervinargus - Yukon - Cheraira
Scotinotylus sacer ,Linyphiidae,Caledonia - Cochlembolus - Cervinargus - Yukon - Cheraira
Scotinotylus vernalis  ,Linyphiidae,Caledonia - Cochlembolus - Cervinargus - Yukon - Cheraira
Scylaceus pallidus,Linyphiidae,
Scyletria inflata,Linyphiidae,
Semljicola obtusus,Linyphiidae,Eboria - Latithorax
Sisicottus montanus,Linyphiidae,
Sisicottus quoylei,Linyphiidae,
Sisicus apertus ,Linyphiidae,
Sisicus penifusifer ,Linyphiidae,
Sisicus volutasilex ,Linyphiidae,
Sisis rotundus,Linyphiidae,
Soucron arenarium,Linyphiidae,Gongylidium arenarium
Souessa spinifera,Linyphiidae,Erigone spinifera
Sougambus bostoniensis,Linyphiidae,Tmeticus bostoniensis - Hilaira algida
Souidas tibialis,Linyphiidae,Tmeticus tibialis - Erigone monticola
Soulgas corticarius,Linyphiidae,Tmeticus corticarius - Oedothorax seminolus
Stemonyphantes blauveltae,Linyphiidae,Narcissius
Styloctetor compar,Linyphiidae,Anacotyle
Tapinocyba bicarinata ,Linyphiidae,Colobocyba
Tapinocyba cameroni ,Linyphiidae,Colobocyba
Tapinocyba minuta ,Linyphiidae,Colobocyba
Tapinocyba simplex  ,Linyphiidae,Colobocyba
Tapinopa bilineata,Linyphiidae,
Tapinotorquis yamaskensis,Linyphiidae,Anthrobia yamaskensis
Taranucnus ornithes,Linyphiidae,
Tarsiphantes latithorax,Linyphiidae,Pannicularia sinuosa
Tennesseellum formicum,Linyphiidae,
Tenuiphantes cracens ,Linyphiidae,
Tenuiphantes sabulosus ,Linyphiidae,
Tenuiphantes zebra  ,Linyphiidae,
Thyreosthenius parasiticus,Linyphiidae,Hormathion
Tmeticus ornatus,Linyphiidae,Tmeticus debilis
Tunagyna debilis,Linyphiidae,
Vermontia thoracia,Linyphiidae,Tmeticus thoracicus - Gongylidium unidentalum
Wabasso cacuminatus,Linyphiidae,
Wabasso quaestio  ,Linyphiidae,
Walckenaeria artica,Linyphiidae,Wideria - Phalops - Cornicularia - Spiropalpus - Prosopotheca - Tigellinus - Trachynotus - Paragonatium - Trachynella
Walckenaeria atrotibialis,Linyphiidae,Wideria - Phalops - Cornicularia - Spiropalpus - Prosopotheca - Tigellinus - Trachynotus - Paragonatium - Trachynella
Walckenaeria auranticeps,Linyphiidae,Wideria - Phalops - Cornicularia - Spiropalpus - Prosopotheca - Tigellinus - Trachynotus - Paragonatium - Trachynella
Walckenaeria castanea,Linyphiidae,Wideria - Phalops - Cornicularia - Spiropalpus - Prosopotheca - Tigellinus - Trachynotus - Paragonatium - Trachynella
Walckenaeria clavipalpis,Linyphiidae,Wideria - Phalops - Cornicularia - Spiropalpus - Prosopotheca - Tigellinus - Trachynotus - Paragonatium - Trachynella
Walckenaeria communis,Linyphiidae,Wideria - Phalops - Cornicularia - Spiropalpus - Prosopotheca - Tigellinus - Trachynotus - Paragonatium - Trachynella
Walckenaeria cuspidata brevicula,Linyphiidae,Wideria - Phalops - Cornicularia - Spiropalpus - Prosopotheca - Tigellinus - Trachynotus - Paragonatium - Trachynella
Walckenaeria digitata,Linyphiidae,Wideria - Phalops - Cornicularia - Spiropalpus - Prosopotheca - Tigellinus - Trachynotus - Paragonatium - Trachynella
Walckenaeria directa,Linyphiidae,Wideria - Phalops - Cornicularia - Spiropalpus - Prosopotheca - Tigellinus - Trachynotus - Paragonatium - Trachynella
Walckenaeria exigua,Linyphiidae,Wideria - Phalops - Cornicularia - Spiropalpus - Prosopotheca - Tigellinus - Trachynotus - Paragonatium - Trachynella
Walckenaeria fallax,Linyphiidae,Wideria - Phalops - Cornicularia - Spiropalpus - Prosopotheca - Tigellinus - Trachynotus - Paragonatium - Trachynella
Walckenaeria karpinskii,Linyphiidae,Wideria - Phalops - Cornicularia - Spiropalpus - Prosopotheca - Tigellinus - Trachynotus - Paragonatium - Trachynella
Walckenaeria kochii,Linyphiidae,Wideria - Phalops - Cornicularia - Spiropalpus - Prosopotheca - Tigellinus - Trachynotus - Paragonatium - Trachynella
Walckenaeria lepida ,Linyphiidae,Wideria - Phalops - Cornicularia - Spiropalpus - Prosopotheca - Tigellinus - Trachynotus - Paragonatium - Trachynella
Walckenaeria minuta ,Linyphiidae,Wideria - Phalops - Cornicularia - Spiropalpus - Prosopotheca - Tigellinus - Trachynotus - Paragonatium - Trachynella
Walckenaeria pallida ,Linyphiidae,Wideria - Phalops - Cornicularia - Spiropalpus - Prosopotheca - Tigellinus - Trachynotus - Paragonatium - Trachynella
Walckenaeria palustris,Linyphiidae,Wideria - Phalops - Cornicularia - Spiropalpus - Prosopotheca - Tigellinus - Trachynotus - Paragonatium - Trachynella
Walckenaeria pinocchio,Linyphiidae,Wideria - Phalops - Cornicularia - Spiropalpus - Prosopotheca - Tigellinus - Trachynotus - Paragonatium - Trachynella
Walckenaeria redneri,Linyphiidae,Wideria - Phalops - Cornicularia - Spiropalpus - Prosopotheca - Tigellinus - Trachynotus - Paragonatium - Trachynella
Walckenaeria spiralis ,Linyphiidae,Wideria - Phalops - Cornicularia - Spiropalpus - Prosopotheca - Tigellinus - Trachynotus - Paragonatium - Trachynella
Walckenaeria tibialis ,Linyphiidae,Wideria - Phalops - Cornicularia - Spiropalpus - Prosopotheca - Tigellinus - Trachynotus - Paragonatium - Trachynella
Walckenaeria tricornis ,Linyphiidae,Wideria - Phalops - Cornicularia - Spiropalpus - Prosopotheca - Tigellinus - Trachynotus - Paragonatium - Trachynella
Walckenaeria tumida  ,Linyphiidae,Wideria - Phalops - Cornicularia - Spiropalpus - Prosopotheca - Tigellinus - Trachynotus - Paragonatium - Trachynella
Zornella armata,Linyphiidae,
Agroeca ornata,Linocranidae,Hilke
Agroeca pratensis  ,Linocranidae,Hilke
Alopecosa aculeata,Lycosidae,Jollecosa - Solicosa
Alopecosa hirtipes,Lycosidae,Jollecosa - Solicosa
Alopecosa kochii,Lycosidae,Jollecosa - Solicosa
Alopecosa pictilis  ,Lycosidae,Jollecosa - Solicosa
Arctosa alpigena ,Lycosidae,Leaena - Tricca - Alopecosella - Arctosella - Arkalosula - Bonacosa - Leanella - Tetrarctosa - Triccosta - Trochosomma
Arctosa emertoni ,Lycosidae,Leaena - Tricca - Alopecosella - Arctosella - Arkalosula - Bonacosa - Leanella - Tetrarctosa - Triccosta - Trochosomma
Arctosa insignata ,Lycosidae,Leaena - Tricca - Alopecosella - Arctosella - Arkalosula - Bonacosa - Leanella - Tetrarctosa - Triccosta - Trochosomma
Arctosa lama ,Lycosidae,Leaena - Tricca - Alopecosella - Arctosella - Arkalosula - Bonacosa - Leanella - Tetrarctosa - Triccosta - Trochosomma
Arctosa littoralis ,Lycosidae,Leaena - Tricca - Alopecosella - Arctosella - Arkalosula - Bonacosa - Leanella - Tetrarctosa - Triccosta - Trochosomma
Arctosa raptor ,Lycosidae,Leaena - Tricca - Alopecosella - Arctosella - Arkalosula - Bonacosa - Leanella - Tetrarctosa - Triccosta - Trochosomma
Arctosa rubicunda  ,Lycosidae,Leaena - Tricca - Alopecosella - Arctosella - Arkalosula - Bonacosa - Leanella - Tetrarctosa - Triccosta - Trochosomma
Geolycosa domifex ,Lycosidae,Scaptocosa
Geolycosa missouriensis  ,Lycosidae,Scaptocosa
Gladicosa gulosa,Lycosidae,
Hogna frondicola,Lycosidae,Lycorma - Citilycosa - Galapagosa - Isohogna - Lynxosa - Trochosula
Pardosa albomaculata ,Lycosidae,Acroniops - Pardosops - Chorilycosa
Pardosa algens ,Lycosidae,Acroniops - Pardosops - Chorilycosa
Pardosa concinna ,Lycosidae,Acroniops - Pardosops - Chorilycosa
Pardosa distincta ,Lycosidae,Acroniops - Pardosops - Chorilycosa
Pardosa dorsalis,Lycosidae,Acroniops - Pardosops - Chorilycosa
Pardosa furcifera,Lycosidae,Acroniops - Pardosops - Chorilycosa
Pardosa fuscula,Lycosidae,Acroniops - Pardosops - Chorilycosa
Pardosa glacialis,Lycosidae,Acroniops - Pardosops - Chorilycosa
Pardosa groenlandica,Lycosidae,Acroniops - Pardosops - Chorilycosa
Pardosa hyperborea,Lycosidae,Acroniops - Pardosops - Chorilycosa
Pardosa labradorensis,Lycosidae,Acroniops - Pardosops - Chorilycosa
Pardosa lapidicina,Lycosidae,Acroniops - Pardosops - Chorilycosa
Pardosa mackenziana,Lycosidae,Acroniops - Pardosops - Chorilycosa
Pardosa milvina,Lycosidae,Acroniops - Pardosops - Chorilycosa
Pardosa modica,Lycosidae,Acroniops - Pardosops - Chorilycosa
Pardosa moesta,Lycosidae,Acroniops - Pardosops - Chorilycosa
Pardosa saxatilis,Lycosidae,Acroniops - Pardosops - Chorilycosa
Pardosa tesquorum,Lycosidae,Acroniops - Pardosops - Chorilycosa
Pardosa uintana,Lycosidae,Acroniops - Pardosops - Chorilycosa
Pardosa xerampelina  ,Lycosidae,Acroniops - Pardosops - Chorilycosa
Pirata aspirans ,Lycosidae,Sosilaus
Pirata bryantae ,Lycosidae,Sosilaus
Pirata montanus ,Lycosidae,Sosilaus
Pirata piraticus ,Lycosidae,Sosilaus
Pirata preado ,Lycosidae,Sosilaus
Piratula canadensis ,Lycosidae,
Piratula cantralli ,Lycosidae,
Piratula insularis ,Lycosidae,
Piratula minuta  ,Lycosidae,
Schizocosa avida ,Lycosidae,Avicosa - Epihogna
Schizocosa communis ,Lycosidae,Avicosa - Epihogna
Schizocosa crassipalpata ,Lycosidae,Avicosa - Epihogna
Schizocosa saltatrix  ,Lycosidae,Avicosa - Epihogna
Tigrosa helluo,Lycosidae,
Trebacosa marxi,Lycosidae,
Trochosa ruricola ,Lycosidae,Trochosina - Caporiaccosa - Metatrochosina - Piratosa - Trochosippa
Trochosa terricola  ,Lycosidae,Trochosina - Caporiaccosa - Metatrochosina - Piratosa - Trochosippa
Varacosa avara ,Lycosidae,
Varacosa shenandoa  ,Lycosidae,
Ero canionis ,Mimetidae,Palaeoero - Succinero - Ermetus
Ero leonina  ,Mimetidae,Palaeoero - Succinero - Ermetus
Mimetus eperoides ,Mimetidae,Ctenophora - Phobetinus - Reo
Mimetus notius ,Mimetidae,Ctenophora - Phobetinus - Reo
Mimetus puritanus ,Mimetidae,Ctenophora - Phobetinus - Reo
Mysmena quebecana,Mysmenidae,Calodipoena - Tamasesia - Kekenboschiella - Calomyspoena - Itapua
Eidmannella pallida,Nesticidae,
Nesticus cellulanus,Nesticidae,Ivesia - Yvesella - Tuganobia
Oecobius navus,Oecobiidae,Thalamia - Ambika - Maitreja - Tarapaca
Oxyopes scalaris,Oxyopidae,
Ebo pepinensis,Philodromidae,
Philodromus cespitum,Philodromidae,Artamus - Artanes - Opitis - Philodromoides - Horodromoides - Tibellomimus - Emargidromus - Philodromimus
Philodromus exilis,Philodromidae,Artamus - Artanes - Opitis - Philodromoides - Horodromoides - Tibellomimus - Emargidromus - Philodromimus
Philodromus imbecillus,Philodromidae,Artamus - Artanes - Opitis - Philodromoides - Horodromoides - Tibellomimus - Emargidromus - Philodromimus
Philodromus minutus,Philodromidae,Artamus - Artanes - Opitis - Philodromoides - Horodromoides - Tibellomimus - Emargidromus - Philodromimus
Philodromus oneida,Philodromidae,Artamus - Artanes - Opitis - Philodromoides - Horodromoides - Tibellomimus - Emargidromus - Philodromimus
Philodromus peninsulanus,Philodromidae,Artamus - Artanes - Opitis - Philodromoides - Horodromoides - Tibellomimus - Emargidromus - Philodromimus
Philodromus pernix,Philodromidae,Artamus - Artanes - Opitis - Philodromoides - Horodromoides - Tibellomimus - Emargidromus - Philodromimus
Philodromus placidus,Philodromidae,Artamus - Artanes - Opitis - Philodromoides - Horodromoides - Tibellomimus - Emargidromus - Philodromimus
Philodromus praelustris ,Philodromidae,Artamus - Artanes - Opitis - Philodromoides - Horodromoides - Tibellomimus - Emargidromus - Philodromimus
Philodromus rufus quartus ,Philodromidae,Artamus - Artanes - Opitis - Philodromoides - Horodromoides - Tibellomimus - Emargidromus - Philodromimus
Philodromus rufus vibrans ,Philodromidae,Artamus - Artanes - Opitis - Philodromoides - Horodromoides - Tibellomimus - Emargidromus - Philodromimus
Philodromus validus ,Philodromidae,Artamus - Artanes - Opitis - Philodromoides - Horodromoides - Tibellomimus - Emargidromus - Philodromimus
Philodromus vulgaris  ,Philodromidae,Artamus - Artanes - Opitis - Philodromoides - Horodromoides - Tibellomimus - Emargidromus - Philodromimus
Rhysodromus alascensis,Philodromidae,
Rhysodromus histrio,Philodromidae,
Rhysodromus mysticus,Philodromidae,
Thanatus formicinus ,Philodromidae,Paratibellus
Thanatus rubicellus ,Philodromidae,Paratibellus
Thanatus striatus  ,Philodromidae,Paratibellus
Tibellus maritimus ,Philodromidae,Tibellinus
Tibellus oblongus  ,Philodromidae,Tibellinus
Pholcus phalangiodoides,Pholcidae,Sihala
Phrurotimpus alarius,Phrurolithidae,
Phrurotimpus borealis,Phrurolithidae,
Scotinella brittoni ,Phrurolithidae,
Scotinella minnetonka ,Phrurolithidae,
Scotinella pugnata  ,Phrurolithidae,
Dolomedes scriptus ,Pisauridae,Teippus - Cispiolus
Dolomedes striatus,Pisauridae,Teippus - Cispiolus
Dolomedes tenebrosus,Pisauridae,Teippus - Cispiolus
Dolomedes triton  ,Pisauridae,Teippus - Cispiolus
Pisaurina mira,Pisauridae,Dapanus - Thanatidius - Pelopatis
Admestina tibialis ,Salticidae,
Admestina wheeleri,Salticidae,
Attidops youngii,Salticidae,
Calositticus floricola palustris ,Salticidae,Sitticus - Sitticulus - Hypositticus - Sittipub - Sittiflor - Sittilong
Calositticus striatus ,Salticidae,Sitticus - Sitticulus - Hypositticus - Sittipub - Sittiflor - Sittilong
Chinattus parvulus,Salticidae,
Dendryphantes nigromaculatus  ,Salticidae,
Eris militaris,Salticidae,
Euophrys monadnock ,Salticidae,
Evarcha hoyi,Salticidae,Evacin - Evalba - Evaneg - Evawes
Ghelna canadensis,Salticidae,
Habronattus borealis,Salticidae,
Habronattus calcaratus maddisoni,Salticidae,
Habronattus decorus,Salticidae,
Habronattus viridipes ,Salticidae,
Habronattus waughi  ,Salticidae,
Hasarius adansoni,Salticidae,Tachyskarthmos - Jacobia - Vitia - Vitioides
Hentzia mitrata,Salticidae,Wala - Anoka - Parahentzia - Maeviobeata
Maevia inclemens,Salticidae,
Marpissa formosa,Salticidae,Hyctia - Marptusa - Marfisa - Onondaga - Roeweriella
Naphrys pulex,Salticidae,
Neon nellii,Salticidae,
Peckhamia picata,Salticidae,Consingis
Pelegrina flaviceps ,Salticidae,
Pelegrina flavipes ,Salticidae,
Pelegrina insignis ,Salticidae,
Pelegrina montana ,Salticidae,
Pelegrina proterva  ,Salticidae,
Pellenes lapponicus,Salticidae,Pales - Hyllothyene - Pelpaucus - Pelmultus - Pelmirus - Pellap - Pellenattus
Phidippus audax ,Salticidae,
Phidippus borealis,Salticidae,
Phidippus clarus,Salticidae,
Phidippus princeps,Salticidae,
Phidippus purpuratus,Salticidae,
Phidippus whitmanii,Salticidae,
Platycryptus undatus,Salticidae,
Salticus scenicus,Salticidae,Attus
Sibianor aemulus,Salticidae,
Sitticus fasciger ,Salticidae,Attulus - Sitticulus - Calositticus - Hypositticus - Sittipub - Sittiflor - Sittilong
Sitticus finschii  ,Salticidae,
Sittisax ranieri,Salticidae,
Synageles canadensis ,Salticidae,Gertschia
Synageles noxiosus ,Salticidae,Gertschia
Synageles venator  ,Salticidae,Gertschia
Synemosyna formica,Salticidae,Simonella
Talavera minuta,Salticidae,
Tutelina hartii,Salticidae,
Tutelina similis,Salticidae,
Zygoballus nervosus,Salticidae,Amerotritte
Scytodes fusca,Scytodidae,
Leucauge venusta,Tetragnathidae,Argyroepeira - Callinethis - Mecynometa - Alcimosphenus - Opas - Plesiometa - Chrysaster - Opadometa
Meta ovalis,Tetragnathidae,Auchicybaeus - Praetermeta
Pachygnatha autumnalis,Tetragnathidae,
Pachygnatha brevis,Tetragnathidae,
Pachygnatha dorothea,Tetragnathidae,
Pachygnatha tristriata ,Tetragnathidae,
Pachygnatha xanthostoma ,Tetragnathidae,
Tetragnatha caudata,Tetragnathidae,Eugnatha - Deinagnatha - Eucta - Limoxera - Prionolaema - Arundognatha
Tetragnatha dearmata,Tetragnathidae,Eugnatha - Deinagnatha - Eucta - Limoxera - Prionolaema - Arundognatha
Tetragnatha elongata,Tetragnathidae,Eugnatha - Deinagnatha - Eucta - Limoxera - Prionolaema - Arundognatha
Tetragnatha extensa,Tetragnathidae,Eugnatha - Deinagnatha - Eucta - Limoxera - Prionolaema - Arundognatha
Tetragnatha guatemalensis,Tetragnathidae,Eugnatha - Deinagnatha - Eucta - Limoxera - Prionolaema - Arundognatha
Tetragnatha laboriosa,Tetragnathidae,Eugnatha - Deinagnatha - Eucta - Limoxera - Prionolaema - Arundognatha
Tetragnatha pallescens,Tetragnathidae,Eugnatha - Deinagnatha - Eucta - Limoxera - Prionolaema - Arundognatha
Tetragnatha shoshone,Tetragnathidae,Eugnatha - Deinagnatha - Eucta - Limoxera - Prionolaema - Arundognatha
Tetragnatha straminea,Tetragnathidae,Eugnatha - Deinagnatha - Eucta - Limoxera - Prionolaema - Arundognatha
Tetragnatha versicolor,Tetragnathidae,Eugnatha - Deinagnatha - Eucta - Limoxera - Prionolaema - Arundognatha
Tetragnatha viridis ,Tetragnathidae,Eugnatha - Deinagnatha - Eucta - Limoxera - Prionolaema - Arundognatha
Asagena americana,Theridiidae,
Canalidion montanum,Theridiidae,Theridion montanum
Coleosoma floridanum,Theridiidae,
Crustulina sticta,Theridiidae,
Cryptachaea rupicola,Theridiidae,
Dipoena appalachia,Theridiidae,Umfila - Stictoxena - Paoningia
Dipoena nigra,Theridiidae,Umfila - Stictoxena - Paoningia
Enoplognatha caricis,Theridiidae,Phyllonethis - Symopagia
Enoplognatha intrepida,Theridiidae,Phyllonethis - Symopagia
Enoplognatha latimana,Theridiidae,Phyllonethis - Symopagia
Enoplognatha marmorea,Theridiidae,Phyllonethis - Symopagia
Enoplognatha ovata,Theridiidae,Phyllonethis - Symopagia
Enoplognatha thoracica,Theridiidae,Phyllonethis - Symopagia
Euryopis argentea ,Theridiidae,Phycus - Atkinsonia - Phylarchus - Diaprocorus - Dipoenoides - Atkinia - Acanthomysmena - Mufila
Euryopis funebris ,Theridiidae,Phycus - Atkinsonia - Phylarchus - Diaprocorus - Dipoenoides - Atkinia - Acanthomysmena - Mufila
Euryopis gertschi ,Theridiidae,Phycus - Atkinsonia - Phylarchus - Diaprocorus - Dipoenoides - Atkinia - Acanthomysmena - Mufila
Hentziectypus conjonctus ,Theridiidae,
Hentziectypus globosus  ,Theridiidae,
Lasaeola prona,Theridiidae,Pachydactylus - Nactodipoena - Pselothorax - Parvidipoena - Simonola
Latrodectus variolus,Theridiidae,Chacoca
Neospintharus trigonum,Theridiidae,
Neottiura bimaculata,Theridiidae,
Ohlertidion ohlerti,Theridiidae,
Parasteatoda tabulata ,Theridiidae,
Parasteatoda tepidariorum  ,Theridiidae,
Pholcomma hirsutum,Theridiidae,Ancylorrhanis - Armigera
Phoroncidia americana,Theridiidae,Tricantha - Trithena - Oronota - Ulesanis - Oroodes - Sudabe - Wibrada
Phylloneta impressa,Theridiidae,
Platnickia alabamensis,Theridiidae,
Rhomphaea fictilium,Theridiidae,
Robertus banksi ,Theridiidae,Ctenium - Garritus
Robertus borealis ,Theridiidae,Ctenium - Garritus
Robertus crosbyi ,Theridiidae,Ctenium - Garritus
Robertus fuscus ,Theridiidae,Ctenium - Garritus
Robertus longipalpus ,Theridiidae,Ctenium - Garritus
Robertus pumilus ,Theridiidae,Ctenium - Garritus
Robertus riparius ,Theridiidae,Ctenium - Garritus
Robertus spinifer  ,Theridiidae,Ctenium - Garritus
Rugathodes aurantius ,Theridiidae,
Rugathodes sexpunctatus  ,Theridiidae,
Steatoda albomaculata ,Theridiidae,Lithyphantes - Teutana - Stethopoma - Anacocoelus - Steassa - Argyroelus - Asagenella
Steatoda bipunctata ,Theridiidae,Lithyphantes - Teutana - Stethopoma - Anacocoelus - Steassa - Argyroelus - Asagenella
Steatoda borealis ,Theridiidae,Lithyphantes - Teutana - Stethopoma - Anacocoelus - Steassa - Argyroelus - Asagenella
Steatoda castanea ,Theridiidae,Lithyphantes - Teutana - Stethopoma - Anacocoelus - Steassa - Argyroelus - Asagenella
Steatoda triangulosa  ,Theridiidae,Lithyphantes - Teutana - Stethopoma - Anacocoelus - Steassa - Argyroelus - Asagenella
Theonoe stridula,Theridiidae,Marianana
Theridion albidum,Theridiidae,Phaetoticus - Liger - Billima - Allotheridion
Theridion differens,Theridiidae,Phaetoticus - Liger - Billima - Allotheridion
Theridion frondeum,Theridiidae,Phaetoticus - Liger - Billima - Allotheridion
Theridion glaucescens,Theridiidae,Phaetoticus - Liger - Billima - Allotheridion
Theridion hemerobium,Theridiidae,Phaetoticus - Liger - Billima - Allotheridion
Theridion melanostictum,Theridiidae,Phaetoticus - Liger - Billima - Allotheridion
Theridion murarium,Theridiidae,Phaetoticus - Liger - Billima - Allotheridion
Theridion pictum  ,Theridiidae,Phaetoticus - Liger - Billima - Allotheridion
Theridula emertoni,Theridiidae,
Thymoites minnesota ,Theridiidae,Hypobares - Philto - Sphyrotinus - Hubba - Thonastica - Garricola - Paidisca - Brontosauriella - Spelobion - Tholocco - Thymoella
Thymoites unimaculatus  ,Theridiidae,Hypobares - Philto - Sphyrotinus - Hubba - Thonastica - Garricola - Paidisca - Brontosauriella - Spelobion - Tholocco - Thymoella
Wamba crispulus,Theridiidae,Allodipoena - Chindellum
Yunahamella lyricum,Theridiidae,
Theridiosoma gemmosum,Theridiosomatidae,Microepeira - Actis - Theridilella
Bassaniana utahensis,Thomisidae,Bassania
Coriarachne brunneipes,Thomisidae,
Mecaphesa asperata,Thomisidae,
Mecaphesa carletonica,Thomisidae,
Misumena vatia,Thomisidae,
Ozyptila americana,Thomisidae,
Ozyptila distans,Thomisidae,
Ozyptila gertschi,Thomisidae,
Ozyptila praticola ,Thomisidae,
Ozyptila sincera canadensis ,Thomisidae,
Tmarus angulatus,Thomisidae,Peritraeus - Martus
Xysticus ampullatus ,Thomisidae,
Xysticus britcheri ,Thomisidae,
Xysticus canadensis ,Thomisidae,
Xysticus chippewa ,Thomisidae,
Xysticus discursans ,Thomisidae,
Xysticus durus ,Thomisidae,
Xysticus elegans ,Thomisidae,
Xysticus ellipticus ,Thomisidae,
Xysticus emertoni ,Thomisidae,
Xysticus ferox ,Thomisidae,
Xysticus fervidus ,Thomisidae,
Xysticus fraternus ,Thomisidae,
Xysticus gulosus ,Thomisidae,
Xysticus labradorensis ,Thomisidae,
Xysticus luctans ,Thomisidae,
Xysticus luctuosus ,Thomisidae,
Xysticus montanensis ,Thomisidae,
Xysticus obscurus ,Thomisidae,
Xysticus pellax ,Thomisidae,
Xysticus punctatus,Thomisidae,
Xysticus triangulosus,Thomisidae,
Xysticus triguttatus,Thomisidae,
Xysticus winnipegensis,Thomisidae,
Titanoeca americana,Titanoecidae,
Trachelas tranquillus,Trachelidae,
Hyptiotes cavatus ,Uloboridae,Uptiotes - Androgeus
Hyptiotes gertschi ,Uloboridae,Uptiotes - Androgeus
Uloborus glomosus,Uloboridae,Phillyra - Veleda - Philoponus - Uloborella
Zodarion rubidum,Zodariidae,
